id, id_warehouse, idERP, quantity
,2,253,5
 ,2,256,3
 ,2,258,2
 ,2,263,3
 ,2,265,1
 ,2,684,2
 ,2,692,9
 ,2,691,0
 ,2,689,2
 ,2,685,2
 ,2,700,6
 ,2,701,5
 ,2,708,1
 ,2,709,2
 ,2,710,5
 ,2,716,6
 ,2,717,5
 ,2,122,1
 ,2,120,1
 ,2,130,2
 ,2,141,1
 ,2,278,0
 ,2,280,2
 ,2,388,1
 ,2,352,2
 ,2,222,3
 ,2,392,2
 ,2,398,10
 ,2,395,2
 ,2,420,2
 ,2,437,0
 ,2,297,1
 ,2,561,1
 ,2,669,2
 ,2,217,1
 ,2,583,1
 ,2,665,1
 ,2,808,1
 ,2,756,5
 ,2,744,2
 ,2,777,2
 ,2,754,1
 ,2,833,2
 ,2,788,1
 ,2,818,2
 ,2,814,1
 ,2,815,1
 ,2,252,7
 ,2,806,1
 ,2,821,0
 ,2,828,1
 ,4,828,1
 ,4,821,1
 ,4,806,1
 ,4,808,1
 ,4,756,2
 ,4,744,1
 ,4,717,5
 ,4,710,5
 ,4,701,5
 ,4,692,5
 ,4,685,5
 ,4,777,2
 ,4,716,5
 ,4,700,5
 ,4,684,5
 ,4,708,2
 ,4,690,2
 ,4,683,2
 ,4,689,2
 ,4,265,1
 ,4,263,2
 ,4,258,2
 ,4,259,2
 ,4,256,2
 ,4,253,5
 ,4,252,5
 ,2,412,1
 ,2,362,1
 